定义,定义,是,概念,是指,概述,概论,概念和意义,含义与作用,基本概念及其含义,,,,,,,,,,,,,,,,,,,,,
,,,,,,,,,,,,,,,,,,,,,,,,,,,,,,
,,,,,,,,,,,,,,,,,,,,,,,,,,,,,,
分类,分类,类型,种类,险种,类别,分为,风险类别,分类举例,主要种类,主要类别,主要品种,,,,,,,,,,,,,,,,,,,
,,,,,,,,,,,,,,,,,,,,,,,,,,,,,,
,,,,,,,,,,,,,,,,,,,,,,,,,,,,,,
包括,包括,包含,主要包括,主要包括三个方面,内容包括,分析包括,具体包括,,,,,,,,,,,,,,,,,,,,,,,
,,,,,,,,,,,,,,,,,,,,,,,,,,,,,,
,,,,,,,,,,,,,,,,,,,,,,,,,,,,,,
特点,特点,特征,投资特点,层次特点,基本特点,交易特点,产品特点,显著特征,行为特征,基本特征,特性,,,,,,,,,,,,,,,,,,,
,,,,,,,,,,,,,,,,,,,,,,,,,,,,,,
,,,,,,,,,,,,,,,,,,,,,,,,,,,,,,
优点,优点,优势,好处,主要优点,投资的优点,,,,,,,,,,,,,,,,,,,,,,,,,
,,,,,,,,,,,,,,,,,,,,,,,,,,,,,,
,,,,,,,,,,,,,,,,,,,,,,,,,,,,,,
缺点,缺点,缺陷,弊端,不利之处,劣势,弱点,,,,,,,,,,,,,,,,,,,,,,,,
,,,,,,,,,,,,,,,,,,,,,,,,,,,,,,
,,,,,,,,,,,,,,,,,,,,,,,,,,,,,,
注意事项,建议,注意,注意点,对投资者的建议,给基金投资者的建议就是,投资建议,给投资者的建议,对业余投资者的建议,为什么投资者不能将专家的投资建议作为投资股票的依据,基金组合建议,该注意的问题,注意事项,内容注意点,注意因素,态度注意要点,注意的问题,特别注意,需要注意,投资者在应用封闭式基金套利时应该注意什么,选购注意事项,选购时要注意的内容,运用注意,为什么要注意投资组合的流动性,,需要注意什么,投资者在定投上要注意什么,需要注意的问题,产品投资注意事项,应注意方面,购买注意
,,,,,,,,,,,,,,,,,,,,,,,,,,,,,,
,,,,,,,,,,,,,,,,,,,,,,,,,,,,,,
误区,误区,对待理财规划的错误认识,应规避的误区,普遍误区,购买误区,常见误区还有,异常限制的错误假设,如何避免让自己做出错误而不现实的答案？,如何能够在炒股时，尽量从正确或错误的定论的纠缠中解脱出来，并使我们自己获得许多其他的机会,投资者的错误心理剖析,投资者的错误心理,,,,,,,,,,,,,,,,,,,