 ,英语,英语,英语,英文缩写,英语,近义词,同义词,同义词,简称,同义词,同义词,同义词,同义词,简称,中文
A股, ,A shares【59454】, , , , , , , ,人民币普通股, , , , , 
B股, ,B shares【59457】, , , , , , , ,人民币特种股票账户, , , , , 
FOF, ,Fund of Funds, , , , , , , ,母基金【59129】, , , , ,基金中的基金【59128】
H股, ,H shares【59461】, , , , , , , ,港股, , , , , 
K线, ,, , , , , , , ,,, , , , 
LOF, ,, , , , , , , ,上市型开放式基金, , ,上市开放式基金【36067】, , 
N股, ,, , , , , , , , , , , , , 
P2P理财, ,, , , ,P2P【59259】, , , , , , ,, , 
QDII基金, ,Qualified Domestic Institutional Investors, ,QDII, , , , , ,合格境内机构投资者, , ,, , 
保本基金, ,Guaranteed Fund, , , , , , , , , , , , , 
保险, ,Insurance, ,, , , , , , , , , , , 
保险代理人, ,, , , , , , , , , , , , , 
保险公司, ,, , , ,保险人, , , , , , , , , 
保险经纪人, ,, , , , , , , , , , , , , 
保险历史, , , , , , , , , , , , , , , 
保险市场, , , , , , , , , , , , , , , 
保险销售渠道, , , , , , , , , , , , , , , 
保证金, , , , , , , , , , , , , , , 
被保险人, , , , , , , , , , , , , , , 
被动投资, , , , , , , , , , , , , , , 
被动型基金, , , , , ,指数型基金【56842】, , , , , , , , , 
比尔•格罗斯, , ,Bill Gross, , , , , , , , , , , , 
彼得•林奇, , Peter Lynch,, , , , , , , , , , , , 
变额年金, , , , , , , , , , , , , , , 
并购, , , , , , , , , , , , , , , 
伯顿•麦基尔, , Burton G.Malkiel,, , , , , , , , , , , , 
不动产, , , , , , , , , , , , , , , 
财产, ,Property【58766】, , , , , , , , , , , , , 
财产保险, , , , , , , , , , , , , , , 
财产险, , , , , , , , , , , , , , , 
财富通, , , , , , , , , , , , , , , 
财务, ,Finance【58772】, , , , , , , , , , , , , 
财务分析, , , , , , , , , , , , , , , 
财务杠杆, , , , , ,"[""筹资杠杆"", ""融资杠杆""]【59199】", , , , , , , , , 
财务自由, , , , , , , , , , , , , , , 
财险公司, , , , , , , , , , , , , , , 
查理芒格, , Charlie Thomas Munger,, , , , , , , , , , , , 
查理斯·道, , Charles Henry Dow,, , , , , , , , , , , , 
拆股, ,share split【59574】, , , , , , , , , , , , , 
产品, , , , , , , , , , , , , , , 
产权,property rights【34922】, , , , , , , , , , , , , , 
场内交易, , , , , , , , , ,证券交易所交易, , , , , 
场外交易, , , , , , , , , 店头交易市场,柜台交易市场, , , , , 
车辆保险, , , , , , , , , ,"[""机动车辆保险"", ""车险"", ""汽车保险""]【59606】", , , , , 
成长类基金, , , , , , , , , , , , , , , 
成长型股票, , , , , , , , , , , , , , , 
成长型基金, , , , , , , , , , , , , , , 
承兑汇票, ,accept a bill of exchange【58900】, , , , , , , , , , , , , 
城镇社保, , , , , , , , , , , , , , , 
赤字, ,Deficit【58890】, , , , , , , , , , , , , 
创业板, , , , , , , , , ,二版市场, , , , , 
创业板指, ,Growth Enterprise Index【59545】, , , , , , , , , , ,创业板指数【59544】, , 
次贷危机, , , , , , , , , , , , , , , 
存款, ,Deposit【58810】, , , , , , , , , , , , , 
存款准备金率, ,reserve-deposit ratio【59835】, , , , , , , , , , , , , 
打新股, , , , , ,新股申购, , , , , , , , , 
大宗商品期货, , , , , , , , , , , , , , , 
大宗商品基金, , , , , , , , , , , , , , , 
贷款, , , , , , , , , , , , , , , 
持有期收益率, ,Holding Period Yield【59845】, , , , , , , , , , , , , 
到期收益率, ,"[""YTM"", ""yield to maturity""]【57698】", , , , , ,内部收益率【57697】, , , , , , , 
道·琼斯指数, ,"Dow Jones Industrial Average,DJIA ", , , , , , , , , , , , , 
道氏理论, ,Dow theory【57535】, , , , , , , , , , , , , 
邓尼肯, , Dunican,, , , , , , , , , , , , 
抵押贷款, , , , , , , , , , , , , , , 
定期寿险, , , , , , , , , , , , , , , 
定投, , , , , , , , , , , , , , , 
定向增发, ,Private Placement【59472】, , , , , , , ,非公开发行, , , , , 
动产质押, ,Chattel mortgage【59770】, , , , , , , , , , , , , 
杜邦分析法, ,DuPont Analysis【59765】, , , , , , , , , , , , , 
短期融资, , , , , , , , , , , , , , , 
对冲基金, ,hedge fund【56708】, , , , , , , ,避险基金【42884】, , , , , 
二级市场, ,secondary security market【59038】, , , , , , , ,"[""流通市场"", ""次级市场""]【59041】", , , , , 
反洗钱, , , , , , , , , , , , , , , 
防御型股票, , , , , , , , , , , , , , , 
房地产基金, , , , , , , , , , , , , , , 
房地产泡沫, , , , , , , , , , , , , , , 
房地产投资, , , , , , , , , , , , , , , 
房地产投资信托基金,"real estate investment trusts, REITs【58415】", , , , , , , , , , , , , , 
非上市公司, , , , , , , , , , , , , , , 
菲利普·凯睿, , Philip L. carret,, , , , , , , , , , , , 
分红保险, , , , , , , , , , , , , , , 
分级基金, , , , , , , , , , 结构型基金, , , , , 
风险属性, , , , , , , , , ,客户风险属性, , , , , 
风险投资,Venture Capital【10937】, , ,VC【10938】, ,有耐心的资本【10940】, , , , , , , , , 
风险投资机构, , , , , , , , , , , , , , , 
风险投资基金, ,"[""venture capital"", ""VC""]【56703】", , , ,创业基金【56704】, , , , , , , , , 
风险溢价, ,risk premium【57418】, , , ,风险报酬【57417】, , , , , , , , , 
风险资产, ,Risk assets【59723】, , , , , , , , , , , , , 
封闭式基金, , , , , , , , , , , , , , , 
浮动利率, , , , , , , , , , , , , , , 
负债, ,liabilities【58796】, , , , , , , , , , , , , 
可分离债, , , , , , , , , , , , , , , 
复利, , , , , , , , , ,利滚利, , , , , 
港股通, , , , , , , , , , , , , , , 
杠杆, ,leverage【58781】, , , , , , , , , , , , , 
杠杆收购, , , , , , , , , , , , , , , 
高端医疗保险, , , , , , , , , , , , , , , 
格雷厄姆, , ,Benjamin Graham, , , , , , , , , , , , 
格里高利·曼昆, , ,Gregory Mankiw, , , , , , , , , , , , 
格列高里•莫里斯, , ,Gregory L. Morris, , , , , , , , , , , , 
个人独资企业, , , , , , , , , , , , , , , 
个人所得税, ,personal income tax【59701】, , , , , , , , , , , , , 
个人投资者, , , , , , , , , , , , , , , 
工商保险, , , , , , , , , , , , , , , 
公募, ,public offering【58951】, , , , , , , ,公开发行【58948】, , , , , 
另类投资基金, , , , , , , , , , , , , , , 
公司债券, , , , , , , , , , , , , , , 
股东, ,Shareholders【58853】, , , , , , , , , , , , , 
股东大会, , , , , , , , , , , , , , , 
股东权益, ,equity【59567】, , , , , , , , , , , , , 
股票, , , , , , , , , , , , , , , 
股票股利, ,Stock dividends【59571】, , , , , , , , , , , , , 
股票回购, ,share repurchase【57453】, , , , , , , , , , , , , 
股票基金, , , , , , , , , , , , , , , 
股票指数, , ,Stock Index【43387】, , , , , ,股指【43388】, , , , , , 
股票流派, , , , , , , , , , , , , , , 
股票期权, , , , , , , , , , , , , , , 
股票市场, , , , , ,听故事的场所【56404】, , , , , , , , , 
股票投资组合, , , , , , , , , , , , , , , 
股票增发, ,seasoned equity offering【57443】, , , , , , , , , , , , , 
股票组合, , , , , , , , , , , , , , , 
股权, ,equity【58769】, , , , , , , , , , , , , 
股权投资, , , , , , , , , , , , , , , 
股市, , , , , , , , , , , , , , , 
股灾, , , , , , , , , , , , , , , 
股指期货, , ,Stock Index Futures【43391】, , ,股票价格指数期货、股价指数期货【43392】, , , , , , , , , 
股指期权, , , , , , , , , , , , , , , 
固定比例投资法, , , , , , , , , , , , , , , 
固定利率, ,fixed interest rate【58982】, , , , , , ,不变比例计划法, 恒定混合策略, , , , , 
管理层回购, , , , , , , , , , , , , , , 
柜台交易市场, , , , , , , , , ,场外交易市场, , , , , 
贵金属, , , , , , , , , , , , , , , 
国际金融, ,international finance【59196】, , , , , , , , , , , , , 
国际期货市场, , , , , , , , , , , , , , , 
国际债券, , , , , , , , , , , , , , , 
国家外汇局, , , , , , , , , , , , , , , 
国内生产总值, , , , , , , , ,GDP【57487】, , , , , , 
国债, , , , , , , , , , , , , , , 
国债期货, , , , , , , , , , , , , , , 
海外投资, , , , , , , , , ,"[""国际投资"", ""境外投资""]【59609】", , , , , 
行为金融, , , , , , , , , , , , , , , 
行业分析, , , , , , , , , , , , , , , 
行业轮动策略, , , , , , , , , , , , , , , 
美林时钟, ,The Investment Clock【59745】, , , , , , , , , , , , , 
合格投资者, , , , , , , , , , , , , , , 
合同, , , , , , , , , , , , , , , 
红利, , , , , , , , , , , , , , , 
宏观经济, , , , , , , , , , , , , , , 
宏观调控, , , , , , , , , , , , , , , 
互联网保险, , , , , , , , , , , , , , , 
护理保险, , , , , , , , , , , , , , , 
沪港通, , , , , , , , , , , , , , , 
沪股通, , , , , , , , , , , , , , , 
沪深300, , , , , , , , , , , , ,沪深300指数【59534】, , 
华尔街, , , , , , , , , , , , , , , 
黄金, , , , , , , , , , , , , , , 
黄金ETF, ,, , , , , , , , , , , , , 
黄金基金, , , , , , , , , , , , , , , 
黄金期货交易, , , , , , , , , , , , , , , 
汇率, , , , , , , , , , , , , , , 
升值贬值, , , , , , , , , , , , , , , 
混合基金, , , , , , , , , , , , , , , 
货币, , , , , , , , , , , , , , , 
货币基金风险, , , , , , , , , , , , , , , 
货币基金收益, , , , , , , , , , , , , , , 
货币时间价值, , , , , , , , , , , , , , , 
货币市场, , , , , , , ,短期资金市场【20019】, , , , , , , 
货币市场工具, ,money market instruction【57748】, , , ,现金投资工具【56939】, , , , , , , , , 
货币市场基金, , , , , , , , , , , , , , , 
货币政策, , , , , , , , , , , , , , , 
机构投资者, , , , , , , , , , , , , , , 
基本面分析, ,fundamental analysis【57480】, , , , , , , , , , , , , 
基金, , , , , , , , , , , , , , , 
基金参与主体, , , , , , , , , , , , , , , 
基金产品, , , , , , , , , , , , , , , 
基金定期报告, , , , , , , , , , , , , , , 
基金发行方式, , , , , , , , , , , , , , , 
基金费用, , , , , , , , , , , , , , , 
基金分类, , , , , , , , , , , , , , , 
基金风格, , , , , , , , , , , , , , , 
基金服务机构, , , , , , , , , , , , , , , 
基金公司, , , , , , , , , , , , , , , 
基金估值, , , , , , , , , , , , , , , 
基金管理人, , , , , ,GP, , , ,, , , , , 
基金规模, , , , , , , , , , , , , , , 
基金合同, , , , , , , , , , , , , , , 
基金绩效评估, , , , , , , , , , , , , , , 
基金经理, , , , , , , , , , , , , , , 
基金净值, , , , , , , , , , , , , , , 
认购, , , , , ,"[""认筹"", ""预约"", ""预定""]【58874】", , , , , , , , , 
基金筛选, , , , , , , , , , , , , , , 
基金上市交易公告书, , , , , , , , , , , , , , , 
赎回, , , , , , , , , , , , , , , 
基金投资风险, , , , , , , , , , , , , , , 
基金投资人, , , , , , , , , , , , , , , 
基金销售渠道, , , , , , , , , , , , , , , 
基金业协会, , , , , , , , , , , , , , , 
基金合同, , , , , , , , , , , , , , , 
基金资产估值, , , , , , , , , , , , , , , 
基金资管计划, , , , , , , , , , , , , , , 
基金组合, , , , , , , , , , , , , , , 
吉姆•罗杰斯, , ,Jim Rogers, , , , , , , , , , , , 
疾病保险, , , , , , , , , , , , , , , 
技术分析, , , , , , , , , , , , , , , 
家庭财产保险, , , , , , , , , , , , , , , 
家庭理财, , , , , , , , , , , , , , , 
价值型股票, , , , , , , , , , , , , , , 
价值型股票基金, , , , , , , , , , , , , , , 
间接融资, , , , , , , , , , , , , , , 
兼并收购, , , , , , , , ,并购【57472】, , , , , , 
荐股, , , , , , , , , , , , , , , 
健康保险, , , , , , , , , , , , , , , 
交强险, , , , , , , , , ,机动车交通事故责任强制保险【59613】, , , , , 
交易部, , , , , , , , , , , , , , , 
交易成本,transaction cost【35177】, , , , , , , , , , , , , , 
交易所, , , , , , , , , , , , , , , 
交易所债券市场, , , , , , , , , , , , , , , 
杰西·利弗莫尔, , , , , , , , , , , , , , , 
结构化金融衍生产品, , , , , , , , , , , , , , , 
借壳上市, , , , , , , , , ,买壳上市, , , , , 
金融, , , , , , , , , , , , , , , 
金融风险, , , , , , , , , , , , , , , 
金融工具, , , , , , , , , , , , , , , 
金融交易, , , , , , , , , , , , , , , 
金融期货, , , , , , , , , , , , , , , 
金融市场, , , , , , , , , , , , , , , 
金融衍生品, ,derivatives【59113】, , , , , , , , , , , , , 
金融债券, , , , , , , , , , , , , , , 
金融资产, , , , , , , , , , , , , , , 
经济,economy【34884】, , , , , , , , , , , , , , 
经济学,Economics【34890】, , , , , , , , , , , , , , 
经济学家, , , , , , , , , , , , , , , 
经济周期, ,business cycle【57507】, , , , , , , , , , , , , 
净现金流, , , , , , , , , , , , , , , 
净资产, , , , ,Net asset【59306】, , , , , , , , , , 
竞价, , , , , , , , , , , , , , , 
境外证券投资, , , , , , , , , , , , , , , 
卡特尔,cartel【35392】, , , , , , , , , , , , , , 
开放式基金, , , , , , , , , , , , , , , 
科技股, , , , , , , , , , , , , , , 
可转换债券, , , , , , , , ,可转债【57350】, , , , , , 
蓝筹股,Blue Chips, , , , , , , , , , , , , , 
离岸基金, , , , , , , , ,离岸证券投资基金, , , , , , 
理财, , , , , , , , , , , , , , , 
理财产品, , , , , , , , , , , , , , , 
理财师, , , , , , , , , , ,"[""理财规划师"", ""财富管理师""]【20634】", , , , 
理赔, , , , , , , , , , , , , , , 
利率, , , , , , , , , , , , , , , 
利率互换, ,interest rate swap【58000】, , , , , , , , , , , , , 
利率期货, , , , , , , , , , , , , , , 
利润,profit【35263】, , , , , , , , , , , , , , 
利息, , , , , , , , , , , , , , , 
两全寿险, , , , , , , , , , , , , , , 
量化对冲, , , , , , , , , , , , , , , 
另类投资基金, , , , , , , , , , , , , , , 
罗杰斯, , ,Rogers, , , , , , , , , , , , 
马尔基尔, , ,Malkiel, , , , , , , , , , , , 
马科维茨, , ,Harry Markowitz, , , , , , , , , , , , 
马斯洛需求, ,Maslow's hierarchy of needs【59754】, , , , , , , , , , ,马斯洛需求层次理论【59755】, , 
马歇尔, , , Marshall, , , , , , , , , , , , 
买壳上市, , , , , , , , , ,借壳上市【34681】, , , , , 
买空, , , , ,long sale【59273】, , , , , 融资, , , , , 
买入并持有策略, , , , , , , , , ,长期持有投资策略, , , , , 
迈克尔•哈森斯塔伯, , ,Michael Hasenstab, , , , , , , , , , , , 
民间借贷, , , , , , , , , , , , , , , 
母公司, , , , , , , , , , , , , , , 
母基金, , , , ,Fund of Funds【59281】, , , , , , , , , , 
内幕交易, , , , , , , , , ,内线交易, , , , , 
内在价值法, , , , , , , ,"[""绝对价值法"", ""收益贴现模型""]【57554】", , , , , , , 
回购, ,Buy-back【59854】, , , , , , , , , , , , , 
年金, , , , , , , , , , , , , , , 
年金保险, , , , , , , , , , , , , , , 
牛市, , , , , , , , , , , , , , , 
纽伯格, , ,Roy R.Neuberger, , , , , , , , , , , , 
欧奈尔, , ,, , , , , , , , , , , , 
欧洲债券, , , , , , , , , , , , , , , 
庞氏骗局, , , , , , , , , , , , , , , 
泡沫事件, , , , , , , , , , , , , , , 
配股, ,rights offering【57440】, , , , , , , , , , , , , 
偏债型基金, , , , , , , , , , , , , , , 
票据, ,counterfoil【58816】, , , , , , , , , , , , , 
平仓, ,close position【58829】, , , , , , , , , , , , , 
平衡型基金, , , , , , , , , , , , , , , 
凭证式国债, , , , , , , , , , , , , , , 
破产清算, , , , , , , , , , , , , , , 
普通股, ,"[""common shares"",""common stock""]【57284】", , , , , , , , , , , , , 
普通合伙人, ,General Partner, , , , , , , ,GP, , , , , 
期货, , , , , , , , , , , , , , , 
期货公司, , , , , , , , , , , , , , , 
期货合约, ,futures contract【57910】, , , , , , , , , , , , , 
期货交易所, , , , , , , , , , , , , , , 
期货市场, , , , , , , , , , , , , , , 
期权, ,Time value【43192】, , , ,外涵价值【43193】, , , , , , , , , 
期权合约, ,option contract【57874】, , , ,选择权合约【57935】, ,选择权合约【57875】, , , , , , , 
企业年金基金, , , , , , , , , , , , , , , 
企业债券, , , , , , , , , , , , , , , 
契约型基金, , , , , ,单位信托基金【40875】, , , , , , , , , 
乔治·索罗斯, , ,George Soros, , , , , , , , , , , , 
区块链, ,Blockchain【59268】, , , , , , , , , , , , , 
权益, ,equity【58784】, , , , , , , , , , , , , 
权益类证券投资, , , , , , , , , , , , , , , 
权益资本, , , , , , , , , , , , , , , 
权证, ,warrant【57366】, , , , , , , , , , , , , 
券商柜台市场, , , , , , , , , , , , , , , 
人身保险, , , , , , , , , , , , , , , 
人身风险, , , , , , , , , , , , , , , 
人寿保险, , , , , , , , , , , , , , , 
认购, , , , , ,"[""认筹"", ""预约"", ""预定""]【58874】", , , , , , , , , 
申购, , , , , , , , , , , , , , , 
融券, ,securities lending【58803】, , , ,出借证券【58804】, , , ,卖空, , , , , 
融资, ,financing【58775】, , , , , , , ,买空, , , , , 
入市点, , , , , , , , , , , , , , , 
伞形基金, , , , , , ,系列基金【40105】, , ,系列基金, , , , , 
商品期货, , , , , , , , , , , , , , , 
商业保险, , , , , , , , , , , , , , , 
商业票据, , , , , , , , , , , , , , , 
商业银行, , , , , , , , , , , , , , , 
上海黄金交易所, , , , , , , , , , , , , , , 
期货交易所, , , , , , , , , , , , , , , 
证券交易所, , , , , , , , , , , , , , , 
上市公司, ,listed firms【57433】, , , , , , , , , , , , , 
上市开放式基金, ,"[""listed open-ended funds"", ""LOF""]【56868】", , , ,上市型开放式基金【36058】, , , ,LOF, , , , , 
上证50, , , , , , , , , , , , ,上证50指数【59528】, , 
上证指数, ,Shanghai (securities) composite index【59488】, , , , , , ,"[""“上证指数”"", ""“上证综指”""]【59489】", , , ,上海证券综合指数【59487】, , 
社保, ,Social Insurance【59705】, , , , , , , , , , , 社保保险, , 
社会保障基金, , , , , , , , , , , , , , , 
深圳成指, , , , , , , , , , , , ,深证成份股指数【59492】, , 
生育保险, ,maternity insurance【59749】, , , , , , , , , , , , , 
失能收入损失保险, , , , , , , , , , , , , , , 
失业保险, ,Unemployment Insurance【59779】, , , , , , , , , , , , , 
时间加权收益率, , , , , , , , , , , , , , , 
市净率, , , , , , , , , , , , , , , 
市现率, ,"[""Price Cash Flow Ratio"", ""PCF""]【59021】", , , , , , , , , , , , , 
市盈率,PE【11073】, , , , , , , , , , , , , , 
市盈率估值, , , , , , , , , , , , , , , 
收藏品, , , , , , , , , , , , , , , 
收入型基金, , , , , , , , , , , , , , , 
收益, ,"[""Receipts"", ""proceeds""]【58763】", , , , , , , , , , , , , 
收益现值法, , , , , , , , , ,收益贴现法, , , , , 
收益型股票, , , , , , , , , , , , , , , 
受益人, , , , , , , , , , , , , , , 
私募, ,(Private Placement【59735】, , , , , , , , , , , , , 
私募股权,"[""private equity"",""PE""]【58319】", , , , , , , , ,PE, , , , , 
私募股权二级市场投资, , , , , , , , , , , , , , , 
私募股权投资的退出机制, , , , , , , , , , , , , , , 
私募股权投资基金, , , , , , , , , , , , , , , 
私募股权投资战略, , , , , , , , , , , , , , , 
私募股权投资组织结构, , , , , , , , , , , , , , , 
私募基金, , , , , , , , , , , , , , , 
私募基金监管, , , , , , , , , , , , , , , 
私募基金投资方法, , , , , , , , , , , , , , , 
私募债, , , , , , , , , , , , , , , 
送股, , , , , , , ,股票股利【43690】, , , , , , , 
所有者权益, , , , , ,"[""股东权益"", ""净资产""]【57105】", , , , , , , , , 
套利, , , , , , , , , ,价格发现【58281】, , , , , 
套期保值, , , , , , , ,避险、对冲【58107】, ,风险管理【58278】, , , , , 
特雷诺比率, , , , , , , , , , , , , , , 
特殊类型基金, , , , , , , , , , , , , , , 
天使投资人,Angels【10993】, , , , , , , , ,, , , , , 
贴现, , , , , , , , , , , , , , , 
通货紧缩, , , , , , , , , , , , , , , 
通货膨胀,inflation【34945】, , , , , , , , , , , , , , 
同业拆借, , , , , , , , , , , , , , , 
投保人, , , , , ,要保人【49787】, , , , , , , , , 
投保陷阱, , , , , , , , , , , , , , , 
投机, , , , , , , , , , , , , , , 
投连险, , , , , , , , , , , , , , , 
投资, , , , , , , , , , , , , , , 
投资连结保险, , , , , , , , , ,"[""投连保险"", ""单位连结"", ""证券连结"", ""变额寿险""]【59788】", , , , , 
投资者, , , , , , , , , , , , , , , 
投资者保护, , , , , , , , , , , , , , , 
投资者教育, , , , , , , , , , , , , , , 
投资者权益, , , , , , , , , , , , , , , 
投资组合, , , , , , , , , , , , , , , 
团体人身保险, , , , , , , , , , , , , , , 
托管, , , , , , , , , , , , , , , 
外汇, , , , , , , , , , , , , , , 
外汇管理, , , , , , , , , , , , , , , 
外汇互换, ,FX Swap【59849】, , , , , , , , , , , , , 
外汇价格, , , , , , , , , , , , , , , 
外汇期货, ,Forex Futures【58996】, , , ,外汇期货多头套期保值【58203】, , ,FxFut【58994】,货币期货【58995】, , , , , 
外汇期权, , ,FX Options【43323】, , , , , , , , , , , , 
外汇市场, , , , , , , , , , , , , , , 
危机投资, , , , , , , , , , , , , , , 
沃伦•巴菲特, , ,Warren Buffett, , , , , , , , , , , , 
无效合同, , , , , , , , , , , , , , , 
夏普比率, , , , , , , , , , , , , , , 
现货市场, , , , , , , , , , , , , , , 
现金, ,cash【58778】, , , , , , , , , , , , , 
现金股利, , , , , , , , , , , , , , , 
现金价值, , , , , , , , , ,"[""解约退还金"", ""退保价值""]【59633】", , , , , 
现金流, , , , , , , , , , , , , , , 
香港保单, , , , , , , , , , , , , , , 
新农合, , , , , , , , , ,新型农村合作医疗【59640】, , , , , 
信托, , , , , , , , , , , , , , , 
信托公司, , , , , , , , , , , , , , , 
信托基金, , , , , , , , , ,投资信托【59010】, , , , , 
信用卡, ,Credit Card【59616】, , , , , , , ,贷记卡【59617】, , , , , 
信用利差, ,credit spread【57711】, , , , , , , , , , , , , 
熊市, , , , , , , , , , , , , , , 
选股, , , , , , , , , , , , , , , 
亚当.斯密, , Adam Smith, , , , , , , , , , , , , 
衍生金融市场, , , , , , , , , , , , , , , 
阳光私募基金, , , , , , , , , , , , , , , 
养老保险, , , , , , , , , ,老年保险【59599】, , , , , 
一级市场, , , , , , , , , ,发行市场, , , , , 
医疗保险, , , , , , , , , , , , , , , 
艺术品投资基金, , , , , , , , , , , , , , , 
艺术品与收藏品市场, , , , , , , , , , , , , , , 
意外保险, , , , , , , , , ,"[""人身意外保险"", ""意外或伤害保险""]【59637】", , , , , 
意外伤害保险, ,Accident Injury Insurance【58935】, , , , , , , , , , , , , 
银保, , , , , , , , , , , , , , , 
银行, , , , , , , , , , , , , , , 
清算所, , , , , , , , , ,清算公司【59596】, , , , , 
银行间债券市场, , , , , , , , , , , , , , , 
银行理财产品, , , , , , , , , , , , , , , 
银行票据, , , , , , , , , , , , , , , 
优先股, ,preferred stock【57330】, , , , , , , , , , , , , 
有限合伙人, , , , , , , , , , , , , , , 
有限责任, ,limitedliability【58813】, , , , , , , , , , , , , 
有效市场, ,Efficient Market Hypothesis【59685】, , , , , , , , , , , ,EMH【59686】, 
余额宝, , , , , , , , , , , , , , , 
员工福利, , , , , , , , , , , , , , , 
远期交易, , , , , , , , , , , , , , , 
约翰•邓普顿, , , , , , , , , , , , , , , 
约翰•特雷恩, , , , , , , , , , , , , , , 
约翰聂夫, , , , , , , , , , , , , , , 
再保险, , , , , , , , , , , , , , , 
在岸基金, , , , , , , , , , , , , , , 
增长型股票, ,Growth Stock【59759】, , , , , , , , , , , , , 
增长型行业, , , , , , , , , , , , , , , 
增长型基金, , , , , , , , , , , , , , , 
债权, ,creditor's rights【58913】, , , , , , , , , , , , , 
债权人, , , , , , , , , , , , , , , 
债券, ,fixed-income securities【57600】, , , , , ,固定收益证券【57599】, , , , , , , 
债券估值, , , , , , , , , , , , , , , 
债券交易市场, ,Security exchange market【59774】, , , , , , , , , , , , , 
债券利率, , , , , , , , , , , , , , , 
债券市场, ,bond market【59100】, , , , , , , , , , , , , 
债券投资, , , , , , , , , , , , , , , 
债券投资组合, , , , , , , , , , , , , , , 
债券型基金, , , , , , , , , , , , , , , 
债务, ,debt【58787】, , , , , , , , , , , , , 
战术资产配置,TAA【58527】, , , , , , , , , , , , , , 
战略资产配置,SAA【58524】, , , , , , , , , , , , , , 
长期投资, , , , , , , , , , , , , , , 
折现, , , , , , , , , ,贴现【59005】, , , , , 
震荡市, , , , , , , , , , , , , , , 
征信, , , , , , , , , , , , , , , 
正回购, , , , , , , , , , , , , , , 
证监会, ,China Securities Regulatory Commission【58866】, , , , , , , , , , ,中国证券监督管理委员会【58867】, , 
证券, , , , , , , , , , , , , , , 
证券代销, , , , , , , , , , , , , , , 
证券发行人, , , , , , , , , , , , , , , 
证券公司, , , , , , , , , ,券商【59239】, , , , , 
证券交易, , , , , , , , , , , , , , , 
证券交易所, , , , , , , , , , , , , , , 
证券经纪人, , , , , , , , , , , , , , , 
证券市场, , , , , , , , , , , , , , , 
证券市场监管, , , , , , , , , , , , , , , 
证券投资, , , , , , , , , , , , , , , 
证券投资基金, , , , , , , , , , , , , , , 
政府债券, , , , , , , , , , , , , , , 
直接融资, , , , , , , , , , , , , , , 
止盈止损, ,Full stop【59711】, , , , , , , , , , , , , 
纸黄金, , , , , , , ,黄金存折【42096】, , , , , , , 
指数基金, , , , , , , , , , , , , , , 
指数型ETF, , , , , , , , , , , , , , , 
指数型LOF, , , , , , , , , , , , , , , 
质押式回购, , , , , ,封闭式回购【57773】, , , , , , , , , 
滞胀, , , , , , , , , , , , , , , 
中国保监会, , , , , , , , , , , , , , , 
中国人民银行, , , , , , , , , , , , , , , 
中国银监会, , , , , , , , , , , , , , , 
中国证监会, , , , , , , , , , , , , , , 
中国证券业协会, , , , , , , , , , , , , , , 
中期票据, , , , , , , , , , , , , , , 
中小企业股, , , , , ,中小板股票【59555】, , , , , , , , , 
中央银行, , , , , , , , , , , , , , , 
中央银行票据, , , , , , , , ,"[""央行票据"", ""央票""]【57787】", , , , , , 
中证500, , , , , , , , , , , , ,中证500指数【59531】, , 
终身寿险, , , , , , , , , , , , , , , 
重大疾病保险, , , , , , , , , , , , , , , 
周期型股票, , , , , , , , , , , , , , , 
周期型行业, , , , , , , , , , , , , , , 
朱格拉周期, , , , , , , , , , , , , , , 
朱利安罗伯逊, , , , , , , , , , , , , , , 
主板市场, , , , , , , , , ,一版市场, , , , , 
万能险, ,Universal Insurance【59692】, , , , , , , , , , , , , 
投资联结险, , , , , , , , , ,万用险, , , , , 
主动投资, , , , , , , , , , , , , , , 
主动型基金, , , , , , , , , , , , , , , 
住房公积金, ,Housing fund【59696】, , , , , , , , , , , , , 
资本,capital【35430】, , , , , , , , , , , , , , 
资本市场, , , , , , , , , , , , , , , 
资本赢利模式, , , , , , , , , , , , , , , 
资产, ,assets【58760】, , , , , , , , , , , , , 
资产管理, , , , , , , , , , , , , , , 
资产配置, , , , , , , , , , , , , , , 
资产收益率, ,ROA【57193】, , , , , , , , , , , , , 
资产托管机构, , , , , , , , , , , , , , , 
资产证券化, ,asset securitization【57661】, , , , , , , , , , , , , 
资产支持证券（ABS）, , , , ,Asset-Backed Security【59432】, , , , , , , , , , 
资管, , , , , , , , , ,投资管理【59507】, , , , , 
资金, , , , , , , , , , , , , , , 
资金融通, ,Financing【59252】, , , , , , ,融资【59253】, , , , , , 
做市商, , , , , , , , , , , , , , , 
个人所得税, ,personal income tax【59701】, , , , , , , , , , , , , 
系统风险, , , , , , , , ,不可分散风险, 市场风险, , , , , 
非系统风险, , , , , , , , ,可分散风险, 非市场风险, , , , , 
托管, , , , , , , , ,,, , , , , 
新三板市场, , , , , , , , , , 全国中小企业股份转让系统, , , , , 
创业板市场, ,Growth Enterprise Market【59839】, , , , , , , ,二版市场, , , ,GEM【59840】, 
合格境外投资者, ,Qualified foreign institutional investor【59715】, , , , , , , ,QFII, , ,, , 
平衡型基金, , , , , , , , , , , , , , , 
期货交易所, , , , , , , , , , , , , , , 
债权资本, ,Debt Capital【59800】, , , , , , , , , , , , , 
MBS, ,Mortgage-Backed Security【59740】, , , , , , , ,房屋抵押贷款证券, , , , , 
汇兑, , , , , , , , , ,汇兑结算【59014】, , , , , 
公共物品,public goods【35191】, , , , , , , , , , , , , , 
负所得税,negative income tax【35503】, , , , , , , , , , , , , , 
股权投资基金, ,Private Equity【58840】, , , ,私募股权投资【58842】, , ,PE【58841】, , , , , , 
产品质量保证保险, , , , , ,产品保证保险【50199】, , , , , , , , , 
风险投资人,venture capitalist【13351】, , , , , , , , , , , , , , 
规模经济,economic of scale【35314】, , , , , , , , , , , , , , 
人民币特种股票账户, , , , , , , , ,B股账户【43720】, , , , , , 
科斯定理,Coase theorem【35174】, , , , , , , , , , , , , , 
内在价值, ,intrinsic value【57314】, , , , , , , , , , , , , 
权衡交易量法, , , , , , ,OBV法【42522】, , , , , , , , 
分配股票股利, , , , , , , ,送股【57466】, , , , , , , 
净现值, , , ,NPV【42237】, , , , , , , , , , , 
经济利润,economic profit【35272】, , , , , , , , , , , , , , 
搭便车者,free rider【35201】, , , , , , , , , , , , , , 
基金份额持有人, , , , , ,基金投资者【56748】, , , , , , , , , 
二板市场, , , , , ,创业板市场【40592】, , , , , , , , , 
委托人,principal【35555】, , , , , , , , , , , , , , 
一般从业资格考试, , , , , , ,入门资格考试【38371】, , , , , , , , 
投保单, , , , , ,要保单【44208】, , , , , , , , , 
占优策略,dominant strategy【35403】, , , , , , , , , , , , , , 
私募股权基金, ,"[""private equity"", ""PE""]【56700】", , ,Private Equity【59312】, , , ,PE【59313】, , , , , , 
固定利率债券, ,fixed-rate bond【57633】, , , , , , , , , , , , , 
首次公开发行, ,initial public offering【57429】, ,IPO【57430】, , , , , , , , , , , 
外汇掉期, ,FX Swap【43286】,Swap All-In Rate【58225】, , ,汇率掉期【43285】, , , , , , , , , 
平均总成本,average total cost【35297】, , , , , , , , , , , , , , 
即期汇率, , , , , , , ,现汇汇率【58188】, , , , , , , 
外汇远期, ,foreign exchange forwards【59097】, , , , , , , , , , , , , 
垄断竞争,monopolistic competition【35369】, , , , , , , , , , , , , , 
公司财产, , , , , , ,公司资产【37635】, , , , , , , , 
可回售债券, ,puttable bond【57648】, , , , , , , , , , , , , 
功利主义,utilitarianism【35480】, , , , , , , , , , , , , , 
市场失灵,market failure【34925】, , , , , , , , , , , , , , 
代位追偿权, ,subrogation【59406】, , , , , , , , , , , , , 
行为经济学,behavioral economics【35579】, , , , , , , , , , , , , , 
贫困率,poverty rate【35463】, , , , , , , , , , , , , , 
行业因素, ,industry factor【57520】, , , ,产业因素【57521】, , , , , , , , , 
无杠杆公司, ,unleveraged company【57277】, , , , , , , , , , , , , 
无谓损失,deadweight loss【35133】, , , , , , , , , , , , , , 
多重头肩形态, , , , , , ,复合头肩形态【18342】, , , , , , , , 
替代品,substitutes【35019】, , , , , , , , , , , , , , 
对冲, ,hedge【58793】, , , , , , , , , , , , , 
生产者剩余,producer surplus【35117】, , , , , , , , , , , , , , 
无差异曲线,indifference curve【35517】, , , , , , , , , , , , , , 
中国证券监督管理委员会, , , , , , , , ,中国证监会【56463】, , , , , , 
正常物品,normal good【35013】, , , , , , , , , , , , , , 
指数跟踪, , , , , , ,指数复制【34760】, , , , , , , , 
现值, , , ,PV【42220】, ,本金【44673】, , , , , , , , , 
次贷, ,subprime mortgage loan【58886】, , , , , , , , , , ,次级抵押贷款【58887】, , 
相关系数, ,correlation coefficient【57268】, , , , , , , ,社保, , , , , 
社会保险,social insurance【35492】, , , , , , , , , , , , , , 
微观经济学,microeconomics【34955】, , , , , , , , , , , , , , 
实物转移支付,in-kind transfers【35469】, , , , , , , , , , , , , , 
原生金融产品, , , , ,underlying financialproducts【59388】, , , , , , , , , , 
财务风险, ,default risk【57406】, , , , , ,违约风险【57405】, , , , , , , 
边际产量值,value of marginal product【35422】, , , , , , , , , , , , , , 
杠杆公司, ,leveraged company【57274】, , , , , , , , , , , , , 
银行承兑, ,Bank acceptance【58905】, , , , , , , , , , , , , 
弹性,elasticity【35062】, , , , , , , , , , , , , , 
所得免疫, ,horizon matching strategy【57739】, , , , , , , , , , , , , 
股票连结债券, ,equity-linked debt【59089】, , , , , , , , , , , , , 
金融衍生产品, ,derivatives【59340】, , , , , , , , , , , , , 
公众责任保险, , , , , ,普通责任保险【44537】, , , , , , , , , 
自由主义,liberalism【35486】, , , , , , , , , , , , , , 
随机变量, , , , , ,称均值【57257】, , , , , , , , , 
显性成本,explicit costs【35266】, , , , , , , , , , , , , , 
现行市价法, , , , , ,市场价格比较法【11127】, , , , , , , , , 
普通型人寿保险, , , , , ,生死合险【44616】, , , , , , , , , 
杜邦分析, ,Dupont analysis【57204】, , , , , , , , , , , , , 
货币互换, ,currency swap【58006】, , , , , , , , , , , , , 
开盘价, , , , , , , ,开市价【59361】, , , , , , , 
边际变动,marginal change【34911】, , , , , , , , , , , , , , 
价格上限,price ceiling【35089】, , , , , , , , , , , , , , 
肯定盟约,Affirmative Covenants【11191】, , , , , , , , , , , , , , 
麦考利久期, ,duration【57715】, , , , , ,存续期【57716】, , , , , , , 
中国股市, , , , , , , , , , , , ,中国股票市场【58910】, , 
中国保险监督管理委员会, , , , , , , , ,中国保监会【56466】, , , , , , 
生产可能性边界,prodution possibilities frontier【34952】, , , , , , , , , , , , , , 
价格免疫, ,price immunization【57743】, , , , , , , , , , , , , 
场外交易市场, , , , , , , ,“0TC 市场”，“柜台交易市场”，“店头市场”【40616】, , , , , , , 
终值, , , ,FV【42223】, , , , , , , , , , , 
通胀, ,inflation【58862】, , , , , , , , , , ,通货膨胀【58863】, , 
利率下限期权, , , , , ,利率封底【43381】, , , , , , , , , 
固定成本,fixed costs【35291】, , , , , , , , , , , , , , 
开仓, , , , , ,建仓，新建头寸【59139】, , , , , , , , , 
单边合约, ,unilateral contracts【58036】, , , , , , , , , , , , , 
垄断企业,monopoly【35344】, , , , , , , , , , , , , , 
折现率, , , , , ,贴现率【11121】, , , , , , , , , 
罢工,strike【35449】, , , , , , , , , , , , , , 
股权资本自由现金流贴现模型,FCFE【34487】, , , , , , , , , , , , , , 
交易量累积, , , , , , ,VA法【42525】, , , , , , , , 
告知, , , , , ,"[""披露"", ""陈述""]【44253】", , , , , , , , , 
过剩,surplus【35049】, , , , , , , , , , , , , , 
流动性风险, ,liquidity risk【57412】, , , , , , , , , , , , , 
泰德利差,TED Spread【56358】, , , , , , , , , TED利差, , , , , 
应收账款, , , , ,Receivables【59337】, , , , , , , , , , 
边际替代率,marginal rate of substitution，MRS【35520】, , , , , , , , , , , , , , 
券商, , , , , ,证券公司【59180】, , , , , , , , , 
横向平等,horizontal equity【35242】, , , , , , , , , , , , , , 
指令驱动, ,order driven【58609】, , , , , , , , , , , , , 
当期收益率, ,current yield【57693】, , , , , ,当前收益率【57692】, , , , , , , 
寡头,oligopoly【35366】, , , , , , , , , , , , , , 
销售利润率, ,ROS【57187】, , , , , , , , , , , , , 
股利贴现模型, ,Dividend Discount Model【59046】, ,DDM【57560】, , , , ,DDM【59047】, , , , , , 
清算价值, ,liquidation value【57310】, , , , , , , , , , , , , 
房地产投资信托, ,Real Estate Investment Trusts，REITs【59221】, , , , , , , , , , , , , 
隐性成本,implicit costs【35269】, , , , , , , , , , , , , , 
交易对手风险, ,counterparty risk【57858】, , , , , , , , , , , , , 
莫迪利亚尼米勒定理, , , , , ,"[""资本结构无关原理"", ""MM定理""]【57290】", , , , , , , , , 
哈佛大学, , , , , , , , ,哈佛【34880】, , , , , , 
累进税,progressive tax【35251】, , , , , , , , , , , , , , 
过滤法则, ,filter rulers【57539】, , , ,百分比穿越法则【57540】, , , , , , , , , 
完全互补品,perfect complements【35526】, , , , , , , , , , , , , , 
总成本,total cost【35260】, , , , , , , , , , , , , , 
福利经济学,welfare economics【35102】, , , , , , , , , , , , , , 
买入套期保值, , , , , ,外汇期货多头套期保值【43263】, , , , , , , , , 
需求量,quantity demanded【35001】, , , , , , , , , , , , , , 
供求定理,law of supply and demand【35055】, , , , , , , , , , , , , , 
交易单位, , , , , , ,合约规模【34565】, , , , , , , , 
转换权利价值, , , , , ,转换价值【34415】, , , , , , , , , 
单个股票, , , , , ,股票的相对波动率【58258】, , , , , , , , , 
平值期权, ,At-the-Money Options【43187】, , , ,期权处于平值状态【43188】, , , , , , , , , 
企业价值倍数, ,enterprise multiple【57593】, , , , , , , , , , , , , 
金融远期, ,Financial Forward Contracts【58923】, , , , , , , ,金融远期合约【58922】, , , , , 
边际收益,marginal revenue【35332】, , , , , , , , , , , , , , 
欧式期权,European Options【43171】, , , , , , , , , , , , , , 
生产函数,production function【35280】, , , , , , , , , , , , , , 
非公开发行股票, , , , , ,定向增发【57448】, , , , , , , , , 
自由现金流量贴现模型, ,"[""free cash flow to firm"", ""FCFF""]【57563】", , , , , , , , , , , , , 
掉期汇率, , ,Swap Rate【43298】, , , , , , , , , , , , 
权益乘数, , , , , ,杠杆比率【57160】, , , , , , , , , 
远期承诺, ,bilateral contracts【58033】, , , ,双边合约【58032】, , , , , , , , , 
报价驱动, ,quote driven【58601】, , , , , ,做市商制度【58602】, , , , , , , 
买空交易, , , , , ,融资交易【58642】, , , , , , , , , 
票面价值, ,face value【57301】, , , ,面值【57300】, , , , , , , , , 
平均收益,average revenue【35329】, , , , , , , , , , , , , , 
固定比例投资组合保险策略, ,"[""Constant proportion portfolio insurance"", ""CPPI""]【56959】", , , , , , , , , , , , , 
收购, ,Acquisition【58847】, , , , , , , , , , , , , 
中央国债登记结算有限责任公司, , , , , , ,中央结算公司【41570】, , , , , , , , 
采购经理指数, ,"[""purchasing managers index"", ""PMI""]【57503】", , , , , , , , , , , , , 
阿罗不可能定理,"Arrow's impossibility theorem【35572】", , , , , , , , , , , , , , 
证券经纪业务, , , , , , ,代理买卖证券业务【45072】, , , , , , , , 
风险管理, , , , , , , , , ,套期保值【34580】, , , , , 
保险人, , , , , ,承保人【49784】, , , , , , , , , 
贴现因子, ,discount factor【57249】, , , , , , , , , , , , , 
股指, ,Stock market index【58790】, , , , , , , , , , , , , 
股票拆分, ,stock split【57461】, , , , , ,股票拆细【57462】, , , , , , , 
股票型基金, , , , , , ,偏股型基金。【39780】, , , , , , , , 
实证表述,positive statements【34962】, , , , , , , , , , , , , , 
股票价格, ,Stock Price【58858】, , , ,股票行市【58859】, , , , , , , , , 
出口品,exports【34987】, , , , , , , , , , , , , , 
虚值期权, ,out-of-the-moeny options【57971】, , , ,期权处于虚值状态【43184】, , , , , , , , , 
期货保证金, ,futures margin【59085】, , , , , , , , , , , , , 
商品货币, ,Commodity Money【59081】, , , , , , , , , , , , , 
XBRL, ,Extensible Business Reporting Language【41608】, , , , , , , , , , , , ,可扩展商业报告语言【41609】
集资, ,"[""raise funds"", ""collect captal""]【58837】", , , , , , , , , , , , , 
期货价格, ,"[""forward price"", ""futures prices""]【59031】", , , , , , , , , , , , , 
费雪方程式, ,fisher equation【57230】, , , , , , , , , , , , , 
定期定额, , , , , , ,傻瓜理财术【39679】, , ,定投, , , , , 
供给价格弹性,price elasticity of supply【35080】, , , , , , , , , , , , , , 
时间加权平均价格算法, ,TWAP【58662】, , , , , , , , , , , , , 
成交量加权平均价格算法, ,VWAP【34812】, , , , , , , , , , , , , 
合同保证保险, , , , , ,契约保证保险【44573】, , , , , , , , , 
不动产投资,real estate【58402】, , , , , , , , , , , , , , 
比例税,proportional tax【35245】, , , , , , , , , , , , , , 
适时进出投资法, , , , , , ,短线或抢跑道【39661】, , , , , , , , 
衍生工具, ,derivatives【57845】, , , , , , , , , , , , , 
风险投资家,adventure capitalists【10984】, , , , , , , , , , , , , , 
边际产量递减,diminishing marginal profuct【35286】, , , , , , , , , , , , , , 
边际税率,marginal tax rate【35225】, , , , , , , , , , , , , , 
边际成本,marginal cost【35306】, , , , , , , , , , , , , , 
管道线, , , , , , ,返回线【42433】, , , , , , , , 
均衡,equilibrium【35040】, , , , , , , , , , , , , , 
基金管理行业, , , , , , ,职业化的客户资金管理【42730】, , , , , , , , 
风险投资公司,Venture Capital Firms【10987】, , , , , , , , , , , , , , 
低档物品,inferior good【35016】, , , , , , , , , , , , , , 
延迟成本, ,delay cost【58690】, , , , , , , , , , , , , 
交易开放式指数基金,ETF【36640】, , , , , , , , ,, , , , , 
关税,tariff【35150】, , , , , , , , , , , , , , 
市场势力,market power【34931】, , , , , , , , , , , , , , 
账面价值, ,book value【57305】, , , ,"[""股票净值"", ""每股净资产""]【57304】", , , , , , , , , 
效率工资,efficiency wages【35452】, , , , , , , , , , , , , , 
利率上限期权, , , , , ,利率封底【43378】, , , , , , , , , 
空头, ,put【58823】, , , , , , , , , , , , , 
重置成本保险, , , , , ,"[""复旧保险"", ""分摊保险""]【44325】", , , , , , , , , 
直接销售渠道, , , , , ,直销制【44356】, , , , , , , , , 
忠诚保证保险, , , , , ,诚实保证保险【41411】, , , , , , , , , 
看涨期权, ,call options【57957】, , , ,"[""买入期权"", ""看涨期权""]【57959】", , , , , , , , , 
封闭式指数基金, , , , ,Closed-end Funds【59353】, , , , , , , , , , 
持久收入,permanent income【35475】, , , , , , , , , , , , , , 
超额收益贴现模型, ,"[""economic value added"", ""EVA""]【57571】", , , ,"[""EVA模型"", ""经济附加值模型""]【57569】", , , , , , , , , 
流通市场, , , , , , , , , , ,二级市场【41870】, , , , 
历史波动率, ,historical volatility【57990】, , , , , , , , , , , , , 
互补品,complements【35022】, , , , , , , , , , , , , , 
多头, ,long hedging【58826】, , , , , , , , , , , , , 
间接销售渠道, , , , , ,中介制【44361】, , , , , , , , , 
免疫策略, ,immunization strategies【57724】, , , , , , , , , , , , , 
规模不经济,diseconomies of scale【35317】, , , , , , , , , , , , , , 
理性人,rational people【34908】, , , , , , , , , , , , , , 
公共资源,common resources【35194】, , , , , , , , , , , , , , 
商晶选择指数,CSI【42700】, , , , , , , , , , , , , , 
平价期权, ,at-the-money options【57968】, , , , , , , , , , , , , 
道德风险,moral hazard【35549】, , , , , , , , , , , , , , 
生产率,productivity【34942】, , , , , , , , , , , , , , 
均衡数量,equilibrium quantity【35046】, , , , , , , , , , , , , , 
保费, , , , , , , ,保险费【59412】, , , , , , , 
收益原则,benifits principle【35233】, , , , , , , , , , , , , , 
外部性,externality【34928】, , , , , , , , , , , , , , 
矫正税,corrective taxes【35167】, , , , , , , , , , , , , , 
EBIT, ,Earnings before interest and tax【57170】, , , ,息税前利润【57169】, , , , , , , , , 
对等运动, , , , , , ,自测摆动【42501】, , , , , , , , 
纳什均衡,Nash equilibrium【35395】, , , , , , , , , , , , , , 
支付能力原则,ablity-to-pay principle【35236】, , , , , , , , , , , , , , 
标准体, , , , , ,健体【44601】, , , , , , , , , 
供给表,supply schedule【35033】, , , , , , , , , , , , , , 
国债期现套利, , , , , ,国债基差交易【43361】, , , , , , , , , 
人力资本,human capital【35443】, , , , , , , , , , , , , , 
消费者剩余,consumer  surplus【35109】, , , , , , , , , , , , , , 
宏观经济学,macroecomoics【34958】, , , , , , , , , , , , , , 
博弈论,game theory【35384】, , , , , , , , , , , , , , 
实值期权, ,in-the-money options【57965】, , , ,期权处于实值状态【43180】, , , , , , , , , 
竞争市场,competitive market【34995】, , , , , , , , , , , , , , 
净资产收益率, ,ROE【57199】, , , ,权益报酬率【57198】, , , , , , , , , 
有形风险因素, , , , , ,实质风险因素【32954】, , , , , , , , , 
卖空交易, , , , , ,融券业务【58647】, , , , , , , , , 
行业景气度, , , , , , , ,景气指数【57526】, , , , , , , 
风险投资考核值, , , , , , , , , , , , , , ,独特性【11009】
供给曲线,supply curve【35036】, , , , , , , , , , , , , , 
现金流量表, ,"[""net cash flow"", ""NCF""]【57128】", , , ,账务状况变动表【57123】, , , , , , , , , 
替代效应,substitution effect【35542】, , , , , , , , , , , , , , 
执行偏差算法, ,IS【58669】, , , , , , , , , , , , , 
比较优势,comparative advantage【34980】, , , , , , , , , , , , , , 
内部控制机制, , , , , , ,内控机制【41691】, , , , , , , , 
期货转现货, , , , , , , , ,期转现【59054】, , , , , , 
美式期权,American Options【43168】, , , , , , , , , , , , , , 
有效规模,efficient scale【35309】, , , , , , , , , , , , , , 
收益率曲线, ,yield curve【57704】, , , , , , , , , , , , , 
房地产有限合伙,real estate limited partnership，RELP【58408】, , , , , , , , , , , , , , 
国内股票价格,Stock Price【59146】, , , , ,国内股票行市【59147】, , , , , , , , , 
福利,welfare【35500】, , , , , , , , , , , , , , 
发信号,signaling【35561】, , , , , , , , , , , , , , 
信托投资基金, ,Investment Trust【59092】, , , , , , , ,投资信托【59093】, , , , , 
资产托管, ,Trust funds【59515】, , , , , , , , , , , , , 
资本资产定价模型,CAPM【11086】, , , , , , , , , , , , , , 
定额税,lump-sun tax【35228】, , , , , , , , , , , , , , 
成本-收益分析,cost-benefit analysis【35204】, , , , , , , , , , , , , , 
三板市场, , , , , ,, ,全国中小企业股份转让系统, , , , , , , 
绝对回报, , , , , ,额外回报【59177】, , , , , , , , , 
保险准备金, , , , , ,保险基金【44099】, , , , , , , , , 
财务报表, ,financial statement【57095】, , , , , , , , , , , , , 
申购费, , , , , , ,认购费【41652】, , , , , , , , 
规模收益不变,constant returns to scale【35320】, , , , , , , , , , , , , , 
辅助资本, , , , , , , , , ,工具资本【35611】, , , , , 
无形资产, ,Intangible Assets【59207】, , , , , , , , , , , , , 
保证金交易, , , , , , , ,融资融券【58634】, , , , , , , 
平均税率,average tax rate【35222】, , , , , , , , , , , , , , 
逆向选择,adverse selection【35558】, , , , , , , , , , , , , , 
方向性运动指数,DMI【42697】, , , , , , , , , , , , , , 
囚徒困境,prisoner's dilemma【35400】, , , , , , , , , , , , , , 
周规则, , , , , , ,周价格管道【42573】, , , , , , , , 
资产负债表, ,balance sheet【57100】, , , ,第一会计报表【57099】, , , , , , , , , 
短期利率, ,Short-term interest rate，Short-Term Interest Rate【59150】, , , , , , , , , , , , , 
履约保函, ,performance bond【57860】, , , , , , , , , , , , , 
暂保单, , , , , ,临时保单【44205】, , , , , , , , , 
寿险, , , , , , , , , , , , ,人寿保险【58807】, , 
外汇牌价, ,exchange quotation【59677】, , , , , , , , , , , , , 
即期利率, ,spot rate【57245】, , , , , , , , , , , , , 
非系统性风险, ,unsystematic risk【57400】, , , , , ,可分散风险, , , , , , , 
证券市场线,SML【58519】, , , , , , , , , , , , , , 
支付意愿,willingness to pay【35106】, , , , , , , , , , , , , , 
银行间市场清算所股份有限公司, , , , , , ,上海清算所【41572】, , , , , , , , 
系列基金, , , , , ,伞形基金【56855】, , , , , , , , , 
中国银行业监督管理委员会, , , , , , , , ,银监会【56460】, , , , , , 
即期交易, , , , ,spot transaction【59295】, , ,"[""现期交易"", ""现货交易""]【59294】", , , , , , , 
供给定理,law of supply【35030】, , , , , , , , , , , , , , 
平均固定成本,average fixed cost【35300】, , , , , , , , , , , , , , 
嵌入式衍生工具, ,embedded derivatives【57884】, , , , , , , , , , , , , 
中值选民定理,median voter theorem【35574】, , , , , , , , , , , , , , 
通货膨胀联结债券, ,inflation-linked bond【57656】, , , , , , , , , , , , , 
市场,market【34992】, , , , , , , , , , , , , , 
远期利率协议, , ,FRA【43373】, , , , , , , , , , , , 
代位求偿权, , , , , ,代位追偿权【44310】, , , , , , , , , 
效用,utility【35483】, , , , , , , , , , , , , , 
预算约束线,budget constraint【35509】, , , , , , , , , , , , , , 
派现, , , , , , , ,现金股利【43688】, , , , , , , 
内部回报率, , , ,IRR【42242】, , , ,内部收益率【42244】, , , , , , , 
纵向平等,vertical equity【35239】, , , , , , , , , , , , , , 
经营风险, ,business risk【57409】, , , , , , , , , , , , , 
风险资本,venture capital【10978】, , , , , , , , , , , , , , 
价格歧视,price discrimination【35355】, , , , , , , , , , , , , , 
投机者, ,Speculator【59235】, , , , , , , , , , , , , 
利益, , , , , , , , , ,利得【55886】, , , , , 
需求,cross-price elasticity of demand【35075】, , , , , , , , , , , , , , 
基金中的基金, , , ,FOF【40268】,fund of funds【40269】, , , , , , , , , , 
可变成本,variable costs【35294】, , , , , , , , , , , , , , 
标准债券型基金, , , , , , ,纯债基金【34228】, , , , , , , , 
缺口回补, , , , , , ,缺口覆盖【18440】, , , , , , , , 
存托凭证, ,depository receipt【57337】, , , , , , , , , , , , , 
产业附属投资公司,Corporate Venture Investors/director Investors【10990】, , , , , , , , , , , , , , 
汇票, ,Money Order【58871】, , , , , , , , , , , , , 
无风险资产收益率, ,risk-free interest rate【57423】, , , , ,无风险利率【57424】, , , , , , , , 
非公开发行, , , , , , , ,"[""私募"", ""定向募集""]【59323】", ,私募, , , , , 
生命周期,life cycle【35472】, , , , , , , , , , , , , , 
跟量算法, ,TVOL【58666】, , , , , , , , , , , , , 
交易型开放式指数基金, ,"[""exchange traded funds"", ""ETF""]【56864】", , , ,交易所交易基金【56863】, , , ,ETF, , , , , 
可赎回债券, ,callable bond【57642】, , , , , , , , , , , , , 
最大最小准则,maximin criterion【35489】, , , , , , , , , , , , , , 
融资融券, ,securities margin trading【58819】, , , ,"[""证券信用交易"", ""保证金交易""]【58820】", , , ,买空卖空, , , , , 
平均可变成本,average variable cost【35303】, , , , , , , , , , , , , , 
累退税,regressive tax【35248】, , , , , , , , , , , , , , 
远期合约, ,forward contract【57901】, , , , , , , , , , , , , 
互换合约, ,swap contract【57878】, , , , , , , , , , , , , 
边际产量,marginal profuct【35283】, , , , , , , , , , , , , , 
美国存托凭证, ,"[""ADRs"", ""American depository receipts""]【57344】", , , , , , , , , , , , , 
场内市场, , , , , , , ,“证券交易所市场”，“集中交易市场”【43598】, , , , , , , 
速度阻挡线, , , , , , ,速度线【42440】, , , , , , , , 
隐含波动率, ,implied volatility【57994】, , , , , , , , , , , , , 
全球存托凭证, ,"[""global depository receipts"", ""GDRs""]【57341】", , , , , , , , , , , , , 
利息率, , , , , ,利率【57222】, , , , , , , , , 
效率,efficiency【34899】, , , , , , , , , , , , , , 
利润表, ,income statement【57118】, , , ,损益表【57117】, , , , , , , , , 
浮动利率债券, ,floating-rate bond【57636】, , , , , , , , , , , , , 
开放式指数基金, ,Exchange Traded Funds【58894】, , , , , , , ,ETF, , ,交易型开放式指数基金【58893】, , 
看跌期权, ,put options【57961】, , , ,"[""卖出期权"", ""看跌期权""]【57963】", , , , , , , , , 
卖出套期保值, , , , , ,外汇期货空头套期保值【43259】, , , , , , , , , 
预算盈余,budget surplus【35217】, , , , , , , , , , , , , , 
零息债券, ,zero—coupon bond【57639】, , , , , , , , , , , , , 
补偿性工资差别,compensation wage differentials【35440】, , , , , , , , , , , , , , 
股权资本, , , , , , , ,"[""自有资金"", ""权益资本""]【59316】", , , , , , , 
借贷, ,Debit&Credit【58879】, , , , , , , , , , , , , 
买断式回购, , , , , ,开放式回购【57777】, , , , , , , , , 
资本加权平均成本,Weighted Average Cost of Capital【11061】, , , , , , , , ,WACC, , , , , 
掉期, ,swap【58834】, , , , , , , , , , , , , 
所得税, ,Dividend【59124】, , , , , , , ,"[""所得课税"", ""收益税""]【59122】", , , , , 
发行市场, , , , , , , , , ,一级市场,"[""一级市场"", ""初级金融市场"", ""原始金融市场""]【20741】", , , , 
预算赤字,budget deficit【35214】, , , , , , , , , , , , , , 
价格发现, , , , , , , , , ,套利【34583】, , , , , 
会计利润,accounting profit【35275】, , , , , , , , , , , , , , 
上市型开放式基金, , , , ,Listed Open-Ended Fund【59396】, , , , ,LOF, , , , , 